,word,word_id
0,アーカイブ,1
1,アカウンタビリティー,2
2,アジェンダ,3
3,イノベーション,4
4,インセンティブ,5
5,インタラクティブ,6
6,エクスキューズ,7
7,工グゼクティブ,8
8,エビデンス,9
9,コミット,10
10,コモンセンス,11
11,コンシューマー,12
12,コンテンポラリー,13
13,サマリー,14
14,シナジー,15
15,ストラテジー,16
16,スノップ,17
17,ソリューション,18
18,タスク,19
19,チュートリアル,20
20,ディスクロージャー,21
21,トレード・オフ,22
22,パースペクティブ,23
23,バーター,24
24,フェーズ,25
25,フロー,26
26,マター,27
27,ユーティリティー,28
28,ライフハック,29
29,リレーションシップ,30
30,レジュメ,31
31,レスポンス,32
32,ロイヤルティ,33
33,アーキテクチャー,34
34,アウトソーシング,35
35,アウトライン,36
36,アサイン,37
37,アセスメント,38
38,アテンド,39
39,アライアンス,40
40,イニシアチブ,41
41,インキュベーション,42
42,インテグレーション,43
43,オーセンティック,44
44,カウンターパート,45
45,グランドデザイン,46
46,コンセンサス,47
47,コンピテンシー,48
48,コンプライアンス,49
49,サスティナビリティ,50
50,スキーム,51
51,ステークホルダー,52
52,ゼロサム,53
53,ターム,54
54,ダイバーシティー,55
55,チャネル,56
56,デファクトスタンダード,57
57,デフォルト,58
58,デベロップメント,59
59,パテント,60
60,ビジョナリー,61
61,ビッグデータ,62
62,フィードバック,63
63,フィックス,64
64,プライオリティー,65
65,フレームワーク,66
66,プロパー,67
67,ベンダー,68
68,ベンチマーク,69
69,ペンディング,70
70,ボトルネック,71
71,マーチャンダイジング,72
72,ユーザビリティ,73
73,リソース,74
74,レイオフ,75
75,レバレッジ,76
76,ローンチ,77
77,ワンストップ,78
78,アサーティブ,79
79,アドホック,80
80,イシュー,81
81,イデオロギー,82
82,エピゴーネン,83
83,オルタナティブ,84
84,クオリア,85
85,ケーススタディ,86
86,コア・コンピタンス,87
87,コングロマリツト,88
88,コンテクスト,89
89,コンバージョン,90
90,シームレス,91
91,シュリンク,92
92,セレンディピティ,93
93,テクスチャー,94
94,ナレッジ,95
95,バイアス,96
96,バズワード,97
97,ブリーフィング,98
98,プロダクトアウト,99
99,マネタイズ,100
100,リテラシー,101
